{"cameraMode":{"drawMode":0,"name":"Shaded","section":"Shading Mode"},"sceneLighting":false,"audioPlay":false,"sceneViewState":{"showFog":true,"showMaterialUpdate":false,"showSkybox":true,"showFlares":true,"showImageEffects":true,"showParticleSystems":true,"showVisualEffectGraphs":true,"m_FxEnabled":false},"in2DMode":false,"pivot":{"x":1.190821886062622,"y":-3.5515615940093996,"z":10.92880630493164},"rotation":{"x":-0.0012719687074422837,"y":0.9981138110160828,"z":-0.05726437270641327,"w":-0.022160779684782029},"size":0.4330126941204071,"orthographic":false}